{"stats":{"minecraft:picked_up":{"minecraft:repeater":1,"minecraft:lime_concrete":1,"minecraft:stone_button":8,"minecraft:redstone":3,"minecraft:sticky_piston":2,"minecraft:quartz_block":1,"minecraft:firework_rocket":2049,"minecraft:command_block":1,"minecraft:oak_sign":2,"minecraft:apple":16,"minecraft:iron_pickaxe":1,"minecraft:cobblestone":64},"minecraft:used":{"minecraft:redstone_torch":14,"minecraft:sticky_piston":9,"minecraft:glass":1,"minecraft:water_bucket":12,"minecraft:lever":4,"minecraft:sea_lantern":12,"minecraft:black_concrete":16,"minecraft:lava_bucket":12,"minecraft:firework_rocket":112,"minecraft:flint_and_steel":1,"minecraft:quartz_slab":13,"minecraft:command_block":60,"minecraft:red_wool":4,"lucky:lucky_block":272,"minecraft:red_stained_glass":6,"minecraft:red_concrete":57,"minecraft:barrier":421,"minecraft:dispenser":34,"minecraft:redstone":101,"minecraft:slime_block":28,"minecraft:ladder":54,"minecraft:stone_button":37,"minecraft:quartz_block":1060,"minecraft:oak_sign":58,"minecraft:chest":2,"minecraft:dark_oak_leaves":11,"minecraft:redstone_block":8,"minecraft:oak_pressure_plate":34,"minecraft:smooth_quartz":662,"minecraft:quartz_stairs":112,"minecraft:netherrack":1,"minecraft:coal_block":9,"minecraft:redstone_lamp":2,"minecraft:smooth_quartz_stairs":2,"minecraft:orange_stained_glass":1,"minecraft:crimson_sign":1,"minecraft:bedrock":73,"minecraft:lime_concrete":30,"minecraft:dirt":413,"minecraft:glowstone":243,"minecraft:repeater":80,"minecraft:cobblestone":2,"minecraft:vine":61,"minecraft:black_stained_glass":7,"minecraft:iron_trapdoor":29,"minecraft:crafting_table":1,"minecraft:blue_stained_glass":19,"minecraft:white_stained_glass":2,"minecraft:yellow_concrete":52,"minecraft:white_concrete":3,"minecraft:blue_concrete":30},"minecraft:crafted":{"minecraft:firework_star":256,"minecraft:firework_rocket":768},"minecraft:custom":{"minecraft:time_since_rest":71633,"minecraft:sprint_one_cm":116040,"minecraft:damage_taken":1260,"minecraft:walk_one_cm":164671,"minecraft:interact_with_crafting_table":7,"minecraft:fly_one_cm":3388205,"minecraft:open_chest":3,"minecraft:crouch_one_cm":12071,"minecraft:play_one_minute":390239,"minecraft:walk_under_water_one_cm":1894,"minecraft:deaths":8,"minecraft:sneak_time":13646,"minecraft:jump":1432,"minecraft:leave_game":2,"minecraft:time_since_death":71611,"minecraft:walk_on_water_one_cm":1460,"minecraft:climb_one_cm":6045,"minecraft:fall_one_cm":15231,"minecraft:inspect_dispenser":17}},"DataVersion":2586}