{"stats":{"minecraft:killed_by":{"minecraft:skeleton":1},"minecraft:used":{"minecraft:bedrock":41,"minecraft:lime_concrete":45,"minecraft:red_concrete":29,"minecraft:yellow_concrete":48,"lucky:lucky_block":69,"minecraft:grass_block":95,"minecraft:quartz_block":4,"minecraft:netherite_pickaxe":10,"minecraft:poppy":1,"minecraft:sponge":1,"minecraft:diamond_ore":1,"minecraft:blue_concrete":43},"minecraft:picked_up":{"minecraft:sponge":1,"minecraft:fishing_rod":1,"minecraft:splash_potion":1,"minecraft:pumpkin":2,"minecraft:diamond":40,"minecraft:torch":2,"lucky:lucky_sword":1,"minecraft:dropper":8,"minecraft:potion":3,"minecraft:poppy":1,"minecraft:jack_o_lantern":4,"minecraft:dirt":13},"minecraft:mined":{"minecraft:grass":1,"minecraft:tall_grass":1,"minecraft:torch":1},"minecraft:dropped":{"minecraft:diamond_ore":1,"minecraft:fishing_rod":1,"minecraft:quartz_block":1},"minecraft:custom":{"minecraft:time_since_rest":24977,"minecraft:play_one_minute":28951,"minecraft:crouch_one_cm":3338,"minecraft:damage_taken":1225,"minecraft:sprint_one_cm":6964,"minecraft:walk_one_cm":31212,"minecraft:deaths":4,"minecraft:sneak_time":1292,"minecraft:drop":3,"minecraft:jump":80,"minecraft:damage_dealt":25,"minecraft:leave_game":4,"minecraft:time_since_death":24899,"minecraft:fall_one_cm":1939,"minecraft:fly_one_cm":381882}},"DataVersion":2586}