{"stats":{"minecraft:picked_up":{"minecraft:redstone_block":1,"minecraft:oak_pressure_plate":3,"minecraft:trident":1,"minecraft:redstone":3,"minecraft:sticky_piston":6,"minecraft:firework_rocket":243},"minecraft:used":{"minecraft:redstone_torch":10,"minecraft:purple_stained_glass":149,"minecraft:sticky_piston":19,"minecraft:glass":6,"minecraft:trident":2,"minecraft:water_bucket":166,"minecraft:sea_lantern":3,"minecraft:end_rod":39,"minecraft:lava_bucket":4,"minecraft:quartz_pillar":210,"minecraft:wither_skeleton_skull":3,"minecraft:yellow_stained_glass":358,"minecraft:quartz_slab":94,"lucky:lucky_block":352,"minecraft:red_concrete":548,"minecraft:red_stained_glass":568,"minecraft:dispenser":2,"minecraft:redstone":79,"minecraft:barrier":218,"minecraft:ladder":2,"minecraft:stone_button":4,"minecraft:quartz_block":3162,"minecraft:spruce_trapdoor":145,"minecraft:redstone_block":8,"minecraft:smooth_quartz":1041,"minecraft:spruce_sign":4,"minecraft:magenta_stained_glass":31,"minecraft:quartz_stairs":334,"minecraft:bedrock":123,"minecraft:orange_stained_glass":415,"minecraft:torch":16,"minecraft:redstone_lamp":3,"minecraft:coal_block":76,"minecraft:glowstone":2095,"minecraft:repeater":12,"minecraft:dirt":268,"minecraft:vine":167,"minecraft:lime_concrete":335,"minecraft:comparator":3,"minecraft:black_stained_glass":75,"minecraft:iron_trapdoor":3,"minecraft:blue_stained_glass":164,"minecraft:dark_oak_fence":99,"minecraft:white_stained_glass":188,"minecraft:yellow_concrete":252,"minecraft:pink_stained_glass":55,"minecraft:skeleton_skull":2,"minecraft:black_concrete_powder":79,"minecraft:blue_concrete":263,"minecraft:light_blue_stained_glass":1,"minecraft:cyan_stained_glass":53},"minecraft:mined":{"minecraft:tall_grass":1},"minecraft:dropped":{"minecraft:red_concrete":1,"lucky:lucky_block":1,"minecraft:quartz_block":1,"minecraft:redstone_block":1,"minecraft:end_rod":1},"minecraft:custom":{"minecraft:time_since_rest":2975,"minecraft:sprint_one_cm":126067,"minecraft:damage_taken":1240,"minecraft:walk_one_cm":235876,"minecraft:mob_kills":1,"minecraft:drop":5,"minecraft:damage_dealt":100,"minecraft:fly_one_cm":3095024,"minecraft:crouch_one_cm":1405,"minecraft:play_one_minute":371032,"minecraft:deaths":6,"minecraft:sneak_time":11559,"minecraft:aviate_one_cm":18975,"minecraft:jump":1325,"minecraft:leave_game":3,"minecraft:walk_on_water_one_cm":1352,"minecraft:time_since_death":2952,"minecraft:climb_one_cm":6935,"minecraft:fall_one_cm":10075,"minecraft:inspect_dispenser":2},"minecraft:killed":{"minecraft:cow":1}},"DataVersion":2586}