{"stats":{"minecraft:killed_by":{"minecraft:rabbit":1},"minecraft:picked_up":{"minecraft:jukebox":1,"minecraft:music_disc_stal":1,"minecraft:dragon_egg":1,"minecraft:spider_eye":1,"minecraft:apple":16,"minecraft:rotten_flesh":1,"lucky:lucky_sword":1},"minecraft:used":{"minecraft:wooden_axe":4,"minecraft:command_block":15,"lucky:lucky_block":133,"minecraft:redstone":39,"minecraft:stone_button":3,"minecraft:quartz_block":301,"minecraft:stone":163,"minecraft:quartz_stairs":48,"lucky:lucky_sword":16,"minecraft:oak_leaves":38,"minecraft:bedrock":197,"minecraft:glowstone":25,"minecraft:dragon_egg":1,"minecraft:lime_concrete":1,"minecraft:repeater":8,"minecraft:cobblestone":2,"minecraft:iron_trapdoor":3,"minecraft:blue_stained_glass":14,"minecraft:yellow_concrete":9},"minecraft:mined":{"minecraft:grass":2},"minecraft:dropped":{"minecraft:lime_concrete":1,"minecraft:cobblestone":64,"minecraft:apple":16,"minecraft:iron_pickaxe":1,"minecraft:oak_leaves":1},"minecraft:custom":{"minecraft:time_since_rest":100697,"minecraft:sprint_one_cm":30149,"minecraft:damage_taken":305,"minecraft:walk_one_cm":61887,"minecraft:mob_kills":5,"minecraft:drop":6,"minecraft:damage_dealt":764,"minecraft:fly_one_cm":1946849,"minecraft:crouch_one_cm":4125,"minecraft:play_one_minute":101363,"minecraft:deaths":1,"minecraft:sneak_time":4372,"minecraft:walk_under_water_one_cm":2824,"minecraft:jump":133,"minecraft:leave_game":4,"minecraft:walk_on_water_one_cm":3081,"minecraft:time_since_death":100677,"minecraft:climb_one_cm":60,"minecraft:fall_one_cm":209},"minecraft:killed":{"minecraft:zombie":1,"minecraft:spider":1,"minecraft:zombie_horse":3}},"DataVersion":2586}